Workbook

Sheet Start here
B1: Spinal Tap progress tracker
B2: A free template for running the rehab-to-performance plan on your own. It stays on your device: nothing is sent anywhere.
B4: This template teaches and records. It does not diagnose, clear a symptom, or replace a clinician.
B5: Stop self-directed work and see a clinician the same day if you have any of: symptoms below the knee, numbness or weakness, saddle anaesthesia, bladder or bowel change, night pain, fever, unexplained weight loss, trauma.
B7: How to use it
B8: 1. Daily log: one row a day, training day or not. Fill it in each morning, before coffee and before the walk.
B9: 2. Training log: one row per lift per session (load, sets, reps, RPE). Hard sets and e1RM are computed.
B10: 3. Weekly review: type the Monday of your first week in A6; everything else on that sheet is computed from the two logs.
B11: 4. McGill tests: the endurance battery, once a month. Ratios and gate verdicts are computed.
B12: 5. Gates: mark a gate met when the log shows it, not when you feel it is. Phase progress is counted at the top.
B13: 6. Calculators: DOTS, Epley e1RM and bodyweight multiples for the strength gates.
B15: Conventions
... B22: Template licensed CC BY-SA 4.0, like the site's prose. Copy it, change it, share it.

Sheet Daily log
A1: Daily log
A2: Phase 0 check-in fields. One row per day, training or not. The stiffness change only appears once 14 earlier days are logged.
A3: Yellow cells are yours to fill in. Grey cells are formulas; leave them alone. Row 6 is an example: overwrite it.
J4: [heuristic] 2 points above your 14-day baseline is a common reading of 'clearly above'.
A5: Date | B5: Morning stiffness (0–10) | C5: Below the glute? (yes/no) | D5: Sleep (h) | E5: Stress (1–5) | F5: Bodyweight (kg) | G5: Walk (min) | H5: Verdict on yesterday | I5: Stiffness vs 14-day baseline | J5: Notes
A6: 46027 | B6: 2 | C6: no | D6: 7.5 | E6: 2 | F6: 82.4 | G6: 30 | H6: Clean | J6: Example row: overwrite with your first day.
I20: =IF(OR(B20="",COUNT(B6:B19)<14),"",B20-AVERAGE(B6:B19))
I21: =IF(OR(B21="",COUNT(B7:B20)<14),"",B21-AVERAGE(B7:B20))
I22: =IF(OR(B22="",COUNT(B8:B21)<14),"",B22-AVERAGE(B8:B21))
I23: =IF(OR(B23="",COUNT(B9:B22)<14),"",B23-AVERAGE(B9:B22))
I24: =IF(OR(B24="",COUNT(B10:B23)<14),"",B24-AVERAGE(B10:B23))
I25: =IF(OR(B25="",COUNT(B11:B24)<14),"",B25-AVERAGE(B11:B24))
I26: =IF(OR(B26="",COUNT(B12:B25)<14),"",B26-AVERAGE(B12:B25))
I27: =IF(OR(B27="",COUNT(B13:B26)<14),"",B27-AVERAGE(B13:B26))
I28: =IF(OR(B28="",COUNT(B14:B27)<14),"",B28-AVERAGE(B14:B27))
I29: =IF(OR(B29="",COUNT(B15:B28)<14),"",B29-AVERAGE(B15:B28))
I30: =IF(OR(B30="",COUNT(B16:B29)<14),"",B30-AVERAGE(B16:B29))
I31: =IF(OR(B31="",COUNT(B17:B30)<14),"",B31-AVERAGE(B17:B30))
... I405: =IF(OR(B405="",COUNT(B391:B404)<14),"",B405-AVERAGE(B391:B404))

Sheet Training log
A1: Training log
A2: One row per lift per session: the working sets only. A hard set is an axial set at RPE 7 or above.
A3: Yellow cells are yours to fill in. Grey cells are formulas; leave them alone. Row 6 is an example: overwrite it.
L4: Epley: load × (1 + reps/30); a single is its own e1RM. RPE-adjusted adds reps in reserve (10 − RPE).
A5: Date | B5: Lift | C5: Axial? (yes/no) | D5: Load (kg) | E5: Sets | F5: Reps | G5: RPE | H5: e1RM (Epley) | I5: e1RM (RPE-adjusted) | J5: Axial hard sets | K5: Week starting (Mon) | L5: Notes
A6: 46027 | B6: Romanian deadlift | C6: yes | D6: 80 | E6: 3 | F6: 8 | G6: 7 | H6: =IF(OR(D6="",F6=""),"",IF(F6<=1,D6,D6*(1+F6/30))) -> 101.33333 | I6: =IF(OR(D6="",F6="",G6=""),"",IF(F6+MAX(0,10-G6)<=1,D6,D6*(1+(F6+MAX(0,10-G6))/30))) -> 109.33333 | J6: =IF(A6="","",IF(AND(C6="yes",N(G6)>=7),N(E6),0)) -> 3 | K6: =IF(A6="","",A6-WEEKDAY(A6,3)) -> 46027 | L6: Example row: overwrite it.
H7: =IF(OR(D7="",F7=""),"",IF(F7<=1,D7,D7*(1+F7/30))) | I7: =IF(OR(D7="",F7="",G7=""),"",IF(F7+MAX(0,10-G7)<=1,D7,D7*(1+(F7+MAX(0,10-G7))/30))) | J7: =IF(A7="","",IF(AND(C7="yes",N(G7)>=7),N(E7),0)) | K7: =IF(A7="","",A7-WEEKDAY(A7,3))
H8: =IF(OR(D8="",F8=""),"",IF(F8<=1,D8,D8*(1+F8/30))) | I8: =IF(OR(D8="",F8="",G8=""),"",IF(F8+MAX(0,10-G8)<=1,D8,D8*(1+(F8+MAX(0,10-G8))/30))) | J8: =IF(A8="","",IF(AND(C8="yes",N(G8)>=7),N(E8),0)) | K8: =IF(A8="","",A8-WEEKDAY(A8,3))
H9: =IF(OR(D9="",F9=""),"",IF(F9<=1,D9,D9*(1+F9/30))) | I9: =IF(OR(D9="",F9="",G9=""),"",IF(F9+MAX(0,10-G9)<=1,D9,D9*(1+(F9+MAX(0,10-G9))/30))) | J9: =IF(A9="","",IF(AND(C9="yes",N(G9)>=7),N(E9),0)) | K9: =IF(A9="","",A9-WEEKDAY(A9,3))
H10: =IF(OR(D10="",F10=""),"",IF(F10<=1,D10,D10*(1+F10/30))) | I10: =IF(OR(D10="",F10="",G10=""),"",IF(F10+MAX(0,10-G10)<=1,D10,D10*(1+(F10+MAX(0,10-G10))/30))) | J10: =IF(A10="","",IF(AND(C10="yes",N(G10)>=7),N(E10),0)) | K10: =IF(A10="","",A10-WEEKDAY(A10,3))
H11: =IF(OR(D11="",F11=""),"",IF(F11<=1,D11,D11*(1+F11/30))) | I11: =IF(OR(D11="",F11="",G11=""),"",IF(F11+MAX(0,10-G11)<=1,D11,D11*(1+(F11+MAX(0,10-G11))/30))) | J11: =IF(A11="","",IF(AND(C11="yes",N(G11)>=7),N(E11),0)) | K11: =IF(A11="","",A11-WEEKDAY(A11,3))
H12: =IF(OR(D12="",F12=""),"",IF(F12<=1,D12,D12*(1+F12/30))) | I12: =IF(OR(D12="",F12="",G12=""),"",IF(F12+MAX(0,10-G12)<=1,D12,D12*(1+(F12+MAX(0,10-G12))/30))) | J12: =IF(A12="","",IF(AND(C12="yes",N(G12)>=7),N(E12),0)) | K12: =IF(A12="","",A12-WEEKDAY(A12,3))
H13: =IF(OR(D13="",F13=""),"",IF(F13<=1,D13,D13*(1+F13/30))) | I13: =IF(OR(D13="",F13="",G13=""),"",IF(F13+MAX(0,10-G13)<=1,D13,D13*(1+(F13+MAX(0,10-G13))/30))) | J13: =IF(A13="","",IF(AND(C13="yes",N(G13)>=7),N(E13),0)) | K13: =IF(A13="","",A13-WEEKDAY(A13,3))
H14: =IF(OR(D14="",F14=""),"",IF(F14<=1,D14,D14*(1+F14/30))) | I14: =IF(OR(D14="",F14="",G14=""),"",IF(F14+MAX(0,10-G14)<=1,D14,D14*(1+(F14+MAX(0,10-G14))/30))) | J14: =IF(A14="","",IF(AND(C14="yes",N(G14)>=7),N(E14),0)) | K14: =IF(A14="","",A14-WEEKDAY(A14,3))
H15: =IF(OR(D15="",F15=""),"",IF(F15<=1,D15,D15*(1+F15/30))) | I15: =IF(OR(D15="",F15="",G15=""),"",IF(F15+MAX(0,10-G15)<=1,D15,D15*(1+(F15+MAX(0,10-G15))/30))) | J15: =IF(A15="","",IF(AND(C15="yes",N(G15)>=7),N(E15),0)) | K15: =IF(A15="","",A15-WEEKDAY(A15,3))
H16: =IF(OR(D16="",F16=""),"",IF(F16<=1,D16,D16*(1+F16/30))) | I16: =IF(OR(D16="",F16="",G16=""),"",IF(F16+MAX(0,10-G16)<=1,D16,D16*(1+(F16+MAX(0,10-G16))/30))) | J16: =IF(A16="","",IF(AND(C16="yes",N(G16)>=7),N(E16),0)) | K16: =IF(A16="","",A16-WEEKDAY(A16,3))
H17: =IF(OR(D17="",F17=""),"",IF(F17<=1,D17,D17*(1+F17/30))) | I17: =IF(OR(D17="",F17="",G17=""),"",IF(F17+MAX(0,10-G17)<=1,D17,D17*(1+(F17+MAX(0,10-G17))/30))) | J17: =IF(A17="","",IF(AND(C17="yes",N(G17)>=7),N(E17),0)) | K17: =IF(A17="","",A17-WEEKDAY(A17,3))
H18: =IF(OR(D18="",F18=""),"",IF(F18<=1,D18,D18*(1+F18/30))) | I18: =IF(OR(D18="",F18="",G18=""),"",IF(F18+MAX(0,10-G18)<=1,D18,D18*(1+(F18+MAX(0,10-G18))/30))) | J18: =IF(A18="","",IF(AND(C18="yes",N(G18)>=7),N(E18),0)) | K18: =IF(A18="","",A18-WEEKDAY(A18,3))
... H1505: =IF(OR(D1505="",F1505=""),"",IF(F1505<=1,D1505,D1505*(1+F1505/30))) | I1505: =IF(OR(D1505="",F1505="",G1505=""),"",IF(F1505+MAX(0,10-G1505)<=1,D1505,D1505*(1+(F1505+MAX(0,10-G1505))/30))) | J1505: =IF(A1505="","",IF(AND(C1505="yes",N(G1505)>=7),N(E1505),0)) | K1505: =IF(A1505="","",A1505-WEEKDAY(A1505,3))

Sheet Weekly review
A1: Weekly review
A2: Type the Monday of your first week in A6. The rest is computed from the Daily log and Training log.
A3: Yellow cells are yours to fill in. Grey cells are formulas; leave them alone. Row 6 is an example: overwrite it.
H4: [heuristic] Two bad days in one week cut that week's axial hard sets by 40%; intensity is held.
A5: Week starting (Mon) | B5: Axial hard sets | C5: Days logged | D5: Yellow days | E5: Bad days | F5: Two bad days? (cut 40%) | G5: Hard-set cap after cut | H5: Review notes
A6: 46027 | B6: =SUMIFS('Training log'!$J$6:$J$1505,'Training log'!$K$6:$K$1505,A6) -> 3 | C6: =COUNTIFS('Daily log'!$A$6:$A$405,">="&A6,'Daily log'!$A$6:$A$405,"<"&A6+7) -> 1 | D6: =COUNTIFS('Daily log'!$A$6:$A$405,">="&A6,'Daily log'!$A$6:$A$405,"<"&A6+7,'Daily log'!$H$6:$H$405,"Yellow") -> 0 | E6: =COUNTIFS('Daily log'!$A$6:$A$405,">="&A6,'Daily log'!$A$6:$A$405,"<"&A6+7,'Daily log'!$H$6:$H$405,"Bad") -> 0 | F6: =IF(E6>=2,"yes","no") -> no | G6: =IF(E6>=2,ROUNDDOWN(B6*0.6,0),"")
A7: =A6+7 -> 46034 | B7: =SUMIFS('Training log'!$J$6:$J$1505,'Training log'!$K$6:$K$1505,A7) -> 0 | C7: =COUNTIFS('Daily log'!$A$6:$A$405,">="&A7,'Daily log'!$A$6:$A$405,"<"&A7+7) -> 0 | D7: =COUNTIFS('Daily log'!$A$6:$A$405,">="&A7,'Daily log'!$A$6:$A$405,"<"&A7+7,'Daily log'!$H$6:$H$405,"Yellow") -> 0 | E7: =COUNTIFS('Daily log'!$A$6:$A$405,">="&A7,'Daily log'!$A$6:$A$405,"<"&A7+7,'Daily log'!$H$6:$H$405,"Bad") -> 0 | F7: =IF(E7>=2,"yes","no") -> no | G7: =IF(E7>=2,ROUNDDOWN(B7*0.6,0),"")
A8: =A7+7 -> 46041 | B8: =SUMIFS('Training log'!$J$6:$J$1505,'Training log'!$K$6:$K$1505,A8) -> 0 | C8: =COUNTIFS('Daily log'!$A$6:$A$405,">="&A8,'Daily log'!$A$6:$A$405,"<"&A8+7) -> 0 | D8: =COUNTIFS('Daily log'!$A$6:$A$405,">="&A8,'Daily log'!$A$6:$A$405,"<"&A8+7,'Daily log'!$H$6:$H$405,"Yellow") -> 0 | E8: =COUNTIFS('Daily log'!$A$6:$A$405,">="&A8,'Daily log'!$A$6:$A$405,"<"&A8+7,'Daily log'!$H$6:$H$405,"Bad") -> 0 | F8: =IF(E8>=2,"yes","no") -> no | G8: =IF(E8>=2,ROUNDDOWN(B8*0.6,0),"")
A9: =A8+7 -> 46048 | B9: =SUMIFS('Training log'!$J$6:$J$1505,'Training log'!$K$6:$K$1505,A9) -> 0 | C9: =COUNTIFS('Daily log'!$A$6:$A$405,">="&A9,'Daily log'!$A$6:$A$405,"<"&A9+7) -> 0 | D9: =COUNTIFS('Daily log'!$A$6:$A$405,">="&A9,'Daily log'!$A$6:$A$405,"<"&A9+7,'Daily log'!$H$6:$H$405,"Yellow") -> 0 | E9: =COUNTIFS('Daily log'!$A$6:$A$405,">="&A9,'Daily log'!$A$6:$A$405,"<"&A9+7,'Daily log'!$H$6:$H$405,"Bad") -> 0 | F9: =IF(E9>=2,"yes","no") -> no | G9: =IF(E9>=2,ROUNDDOWN(B9*0.6,0),"")
A10: =A9+7 -> 46055 | B10: =SUMIFS('Training log'!$J$6:$J$1505,'Training log'!$K$6:$K$1505,A10) -> 0 | C10: =COUNTIFS('Daily log'!$A$6:$A$405,">="&A10,'Daily log'!$A$6:$A$405,"<"&A10+7) -> 0 | D10: =COUNTIFS('Daily log'!$A$6:$A$405,">="&A10,'Daily log'!$A$6:$A$405,"<"&A10+7,'Daily log'!$H$6:$H$405,"Yellow") -> 0 | E10: =COUNTIFS('Daily log'!$A$6:$A$405,">="&A10,'Daily log'!$A$6:$A$405,"<"&A10+7,'Daily log'!$H$6:$H$405,"Bad") -> 0 | F10: =IF(E10>=2,"yes","no") -> no | G10: =IF(E10>=2,ROUNDDOWN(B10*0.6,0),"")
A11: =A10+7 -> 46062 | B11: =SUMIFS('Training log'!$J$6:$J$1505,'Training log'!$K$6:$K$1505,A11) -> 0 | C11: =COUNTIFS('Daily log'!$A$6:$A$405,">="&A11,'Daily log'!$A$6:$A$405,"<"&A11+7) -> 0 | D11: =COUNTIFS('Daily log'!$A$6:$A$405,">="&A11,'Daily log'!$A$6:$A$405,"<"&A11+7,'Daily log'!$H$6:$H$405,"Yellow") -> 0 | E11: =COUNTIFS('Daily log'!$A$6:$A$405,">="&A11,'Daily log'!$A$6:$A$405,"<"&A11+7,'Daily log'!$H$6:$H$405,"Bad") -> 0 | F11: =IF(E11>=2,"yes","no") -> no | G11: =IF(E11>=2,ROUNDDOWN(B11*0.6,0),"")
A12: =A11+7 -> 46069 | B12: =SUMIFS('Training log'!$J$6:$J$1505,'Training log'!$K$6:$K$1505,A12) -> 0 | C12: =COUNTIFS('Daily log'!$A$6:$A$405,">="&A12,'Daily log'!$A$6:$A$405,"<"&A12+7) -> 0 | D12: =COUNTIFS('Daily log'!$A$6:$A$405,">="&A12,'Daily log'!$A$6:$A$405,"<"&A12+7,'Daily log'!$H$6:$H$405,"Yellow") -> 0 | E12: =COUNTIFS('Daily log'!$A$6:$A$405,">="&A12,'Daily log'!$A$6:$A$405,"<"&A12+7,'Daily log'!$H$6:$H$405,"Bad") -> 0 | F12: =IF(E12>=2,"yes","no") -> no | G12: =IF(E12>=2,ROUNDDOWN(B12*0.6,0),"")
A13: =A12+7 -> 46076 | B13: =SUMIFS('Training log'!$J$6:$J$1505,'Training log'!$K$6:$K$1505,A13) -> 0 | C13: =COUNTIFS('Daily log'!$A$6:$A$405,">="&A13,'Daily log'!$A$6:$A$405,"<"&A13+7) -> 0 | D13: =COUNTIFS('Daily log'!$A$6:$A$405,">="&A13,'Daily log'!$A$6:$A$405,"<"&A13+7,'Daily log'!$H$6:$H$405,"Yellow") -> 0 | E13: =COUNTIFS('Daily log'!$A$6:$A$405,">="&A13,'Daily log'!$A$6:$A$405,"<"&A13+7,'Daily log'!$H$6:$H$405,"Bad") -> 0 | F13: =IF(E13>=2,"yes","no") -> no | G13: =IF(E13>=2,ROUNDDOWN(B13*0.6,0),"")
A14: =A13+7 -> 46083 | B14: =SUMIFS('Training log'!$J$6:$J$1505,'Training log'!$K$6:$K$1505,A14) -> 0 | C14: =COUNTIFS('Daily log'!$A$6:$A$405,">="&A14,'Daily log'!$A$6:$A$405,"<"&A14+7) -> 0 | D14: =COUNTIFS('Daily log'!$A$6:$A$405,">="&A14,'Daily log'!$A$6:$A$405,"<"&A14+7,'Daily log'!$H$6:$H$405,"Yellow") -> 0 | E14: =COUNTIFS('Daily log'!$A$6:$A$405,">="&A14,'Daily log'!$A$6:$A$405,"<"&A14+7,'Daily log'!$H$6:$H$405,"Bad") -> 0 | F14: =IF(E14>=2,"yes","no") -> no | G14: =IF(E14>=2,ROUNDDOWN(B14*0.6,0),"")
A15: =A14+7 -> 46090 | B15: =SUMIFS('Training log'!$J$6:$J$1505,'Training log'!$K$6:$K$1505,A15) -> 0 | C15: =COUNTIFS('Daily log'!$A$6:$A$405,">="&A15,'Daily log'!$A$6:$A$405,"<"&A15+7) -> 0 | D15: =COUNTIFS('Daily log'!$A$6:$A$405,">="&A15,'Daily log'!$A$6:$A$405,"<"&A15+7,'Daily log'!$H$6:$H$405,"Yellow") -> 0 | E15: =COUNTIFS('Daily log'!$A$6:$A$405,">="&A15,'Daily log'!$A$6:$A$405,"<"&A15+7,'Daily log'!$H$6:$H$405,"Bad") -> 0 | F15: =IF(E15>=2,"yes","no") -> no | G15: =IF(E15>=2,ROUNDDOWN(B15*0.6,0),"")
A16: =A15+7 -> 46097 | B16: =SUMIFS('Training log'!$J$6:$J$1505,'Training log'!$K$6:$K$1505,A16) -> 0 | C16: =COUNTIFS('Daily log'!$A$6:$A$405,">="&A16,'Daily log'!$A$6:$A$405,"<"&A16+7) -> 0 | D16: =COUNTIFS('Daily log'!$A$6:$A$405,">="&A16,'Daily log'!$A$6:$A$405,"<"&A16+7,'Daily log'!$H$6:$H$405,"Yellow") -> 0 | E16: =COUNTIFS('Daily log'!$A$6:$A$405,">="&A16,'Daily log'!$A$6:$A$405,"<"&A16+7,'Daily log'!$H$6:$H$405,"Bad") -> 0 | F16: =IF(E16>=2,"yes","no") -> no | G16: =IF(E16>=2,ROUNDDOWN(B16*0.6,0),"")
A17: =A16+7 -> 46104 | B17: =SUMIFS('Training log'!$J$6:$J$1505,'Training log'!$K$6:$K$1505,A17) -> 0 | C17: =COUNTIFS('Daily log'!$A$6:$A$405,">="&A17,'Daily log'!$A$6:$A$405,"<"&A17+7) -> 0 | D17: =COUNTIFS('Daily log'!$A$6:$A$405,">="&A17,'Daily log'!$A$6:$A$405,"<"&A17+7,'Daily log'!$H$6:$H$405,"Yellow") -> 0 | E17: =COUNTIFS('Daily log'!$A$6:$A$405,">="&A17,'Daily log'!$A$6:$A$405,"<"&A17+7,'Daily log'!$H$6:$H$405,"Bad") -> 0 | F17: =IF(E17>=2,"yes","no") -> no | G17: =IF(E17>=2,ROUNDDOWN(B17*0.6,0),"")
A18: =A17+7 -> 46111 | B18: =SUMIFS('Training log'!$J$6:$J$1505,'Training log'!$K$6:$K$1505,A18) -> 0 | C18: =COUNTIFS('Daily log'!$A$6:$A$405,">="&A18,'Daily log'!$A$6:$A$405,"<"&A18+7) -> 0 | D18: =COUNTIFS('Daily log'!$A$6:$A$405,">="&A18,'Daily log'!$A$6:$A$405,"<"&A18+7,'Daily log'!$H$6:$H$405,"Yellow") -> 0 | E18: =COUNTIFS('Daily log'!$A$6:$A$405,">="&A18,'Daily log'!$A$6:$A$405,"<"&A18+7,'Daily log'!$H$6:$H$405,"Bad") -> 0 | F18: =IF(E18>=2,"yes","no") -> no | G18: =IF(E18>=2,ROUNDDOWN(B18*0.6,0),"")
... A109: =A108+7 -> 46748 | B109: =SUMIFS('Training log'!$J$6:$J$1505,'Training log'!$K$6:$K$1505,A109) -> 0 | C109: =COUNTIFS('Daily log'!$A$6:$A$405,">="&A109,'Daily log'!$A$6:$A$405,"<"&A109+7) -> 0 | D109: =COUNTIFS('Daily log'!$A$6:$A$405,">="&A109,'Daily log'!$A$6:$A$405,"<"&A109+7,'Daily log'!$H$6:$H$405,"Yellow") -> 0 | E109: =COUNTIFS('Daily log'!$A$6:$A$405,">="&A109,'Daily log'!$A$6:$A$405,"<"&A109+7,'Daily log'!$H$6:$H$405,"Bad") -> 0 | F109: =IF(E109>=2,"yes","no") -> no | G109: =IF(E109>=2,ROUNDDOWN(B109*0.6,0),"")

Sheet McGill tests
A1: McGill endurance tests
A2: Monthly. Hold times in seconds. Gates: flexor/extensor < 1.0; side bridge/extensor 0.75 ± 0.1; left/right within 5%.
A3: Yellow cells are yours to fill in. Grey cells are formulas; leave them alone. Row 6 is an example: overwrite it.
L4: Source: McGill et al. 1999 endurance norms (mcgill-1999-endurance-norms).
A5: Date | B5: Flexor hold (s) | C5: Extensor hold (s) | D5: Side bridge L (s) | E5: Side bridge R (s) | F5: Flexor / extensor | G5: Side bridge / extensor | H5: L/R asymmetry (%) | I5: Gate: flex/ext | J5: Gate: bridge/ext | K5: Gate: symmetry | L5: Notes
A6: 46027 | B6: 95 | C6: 120 | D6: 85 | E6: 88 | F6: =IF(COUNT(B6:E6)<4,"",B6/C6) -> 0.79166667 | G6: =IF(COUNT(B6:E6)<4,"",AVERAGE(D6:E6)/C6) -> 0.72083333 | H6: =IF(COUNT(B6:E6)<4,"",ABS(D6-E6)/MAX(D6:E6)*100) -> 3.4090909 | I6: =IF(F6="","",IF(F6<1,"pass","not yet")) -> pass | J6: =IF(G6="","",IF(ABS(G6-0.75)<=0.1,"pass","not yet")) -> pass | K6: =IF(H6="","",IF(H6<=5,"pass","not yet")) -> pass | L6: Example row: overwrite it.
F7: =IF(COUNT(B7:E7)<4,"",B7/C7) | G7: =IF(COUNT(B7:E7)<4,"",AVERAGE(D7:E7)/C7) | H7: =IF(COUNT(B7:E7)<4,"",ABS(D7-E7)/MAX(D7:E7)*100) | I7: =IF(F7="","",IF(F7<1,"pass","not yet")) | J7: =IF(G7="","",IF(ABS(G7-0.75)<=0.1,"pass","not yet")) | K7: =IF(H7="","",IF(H7<=5,"pass","not yet"))
F8: =IF(COUNT(B8:E8)<4,"",B8/C8) | G8: =IF(COUNT(B8:E8)<4,"",AVERAGE(D8:E8)/C8) | H8: =IF(COUNT(B8:E8)<4,"",ABS(D8-E8)/MAX(D8:E8)*100) | I8: =IF(F8="","",IF(F8<1,"pass","not yet")) | J8: =IF(G8="","",IF(ABS(G8-0.75)<=0.1,"pass","not yet")) | K8: =IF(H8="","",IF(H8<=5,"pass","not yet"))
F9: =IF(COUNT(B9:E9)<4,"",B9/C9) | G9: =IF(COUNT(B9:E9)<4,"",AVERAGE(D9:E9)/C9) | H9: =IF(COUNT(B9:E9)<4,"",ABS(D9-E9)/MAX(D9:E9)*100) | I9: =IF(F9="","",IF(F9<1,"pass","not yet")) | J9: =IF(G9="","",IF(ABS(G9-0.75)<=0.1,"pass","not yet")) | K9: =IF(H9="","",IF(H9<=5,"pass","not yet"))
F10: =IF(COUNT(B10:E10)<4,"",B10/C10) | G10: =IF(COUNT(B10:E10)<4,"",AVERAGE(D10:E10)/C10) | H10: =IF(COUNT(B10:E10)<4,"",ABS(D10-E10)/MAX(D10:E10)*100) | I10: =IF(F10="","",IF(F10<1,"pass","not yet")) | J10: =IF(G10="","",IF(ABS(G10-0.75)<=0.1,"pass","not yet")) | K10: =IF(H10="","",IF(H10<=5,"pass","not yet"))
F11: =IF(COUNT(B11:E11)<4,"",B11/C11) | G11: =IF(COUNT(B11:E11)<4,"",AVERAGE(D11:E11)/C11) | H11: =IF(COUNT(B11:E11)<4,"",ABS(D11-E11)/MAX(D11:E11)*100) | I11: =IF(F11="","",IF(F11<1,"pass","not yet")) | J11: =IF(G11="","",IF(ABS(G11-0.75)<=0.1,"pass","not yet")) | K11: =IF(H11="","",IF(H11<=5,"pass","not yet"))
F12: =IF(COUNT(B12:E12)<4,"",B12/C12) | G12: =IF(COUNT(B12:E12)<4,"",AVERAGE(D12:E12)/C12) | H12: =IF(COUNT(B12:E12)<4,"",ABS(D12-E12)/MAX(D12:E12)*100) | I12: =IF(F12="","",IF(F12<1,"pass","not yet")) | J12: =IF(G12="","",IF(ABS(G12-0.75)<=0.1,"pass","not yet")) | K12: =IF(H12="","",IF(H12<=5,"pass","not yet"))
F13: =IF(COUNT(B13:E13)<4,"",B13/C13) | G13: =IF(COUNT(B13:E13)<4,"",AVERAGE(D13:E13)/C13) | H13: =IF(COUNT(B13:E13)<4,"",ABS(D13-E13)/MAX(D13:E13)*100) | I13: =IF(F13="","",IF(F13<1,"pass","not yet")) | J13: =IF(G13="","",IF(ABS(G13-0.75)<=0.1,"pass","not yet")) | K13: =IF(H13="","",IF(H13<=5,"pass","not yet"))
F14: =IF(COUNT(B14:E14)<4,"",B14/C14) | G14: =IF(COUNT(B14:E14)<4,"",AVERAGE(D14:E14)/C14) | H14: =IF(COUNT(B14:E14)<4,"",ABS(D14-E14)/MAX(D14:E14)*100) | I14: =IF(F14="","",IF(F14<1,"pass","not yet")) | J14: =IF(G14="","",IF(ABS(G14-0.75)<=0.1,"pass","not yet")) | K14: =IF(H14="","",IF(H14<=5,"pass","not yet"))
F15: =IF(COUNT(B15:E15)<4,"",B15/C15) | G15: =IF(COUNT(B15:E15)<4,"",AVERAGE(D15:E15)/C15) | H15: =IF(COUNT(B15:E15)<4,"",ABS(D15-E15)/MAX(D15:E15)*100) | I15: =IF(F15="","",IF(F15<1,"pass","not yet")) | J15: =IF(G15="","",IF(ABS(G15-0.75)<=0.1,"pass","not yet")) | K15: =IF(H15="","",IF(H15<=5,"pass","not yet"))
F16: =IF(COUNT(B16:E16)<4,"",B16/C16) | G16: =IF(COUNT(B16:E16)<4,"",AVERAGE(D16:E16)/C16) | H16: =IF(COUNT(B16:E16)<4,"",ABS(D16-E16)/MAX(D16:E16)*100) | I16: =IF(F16="","",IF(F16<1,"pass","not yet")) | J16: =IF(G16="","",IF(ABS(G16-0.75)<=0.1,"pass","not yet")) | K16: =IF(H16="","",IF(H16<=5,"pass","not yet"))
F17: =IF(COUNT(B17:E17)<4,"",B17/C17) | G17: =IF(COUNT(B17:E17)<4,"",AVERAGE(D17:E17)/C17) | H17: =IF(COUNT(B17:E17)<4,"",ABS(D17-E17)/MAX(D17:E17)*100) | I17: =IF(F17="","",IF(F17<1,"pass","not yet")) | J17: =IF(G17="","",IF(ABS(G17-0.75)<=0.1,"pass","not yet")) | K17: =IF(H17="","",IF(H17<=5,"pass","not yet"))
F18: =IF(COUNT(B18:E18)<4,"",B18/C18) | G18: =IF(COUNT(B18:E18)<4,"",AVERAGE(D18:E18)/C18) | H18: =IF(COUNT(B18:E18)<4,"",ABS(D18-E18)/MAX(D18:E18)*100) | I18: =IF(F18="","",IF(F18<1,"pass","not yet")) | J18: =IF(G18="","",IF(ABS(G18-0.75)<=0.1,"pass","not yet")) | K18: =IF(H18="","",IF(H18<=5,"pass","not yet"))
... F65: =IF(COUNT(B65:E65)<4,"",B65/C65) | G65: =IF(COUNT(B65:E65)<4,"",AVERAGE(D65:E65)/C65) | H65: =IF(COUNT(B65:E65)<4,"",ABS(D65-E65)/MAX(D65:E65)*100) | I65: =IF(F65="","",IF(F65<1,"pass","not yet")) | J65: =IF(G65="","",IF(ABS(G65-0.75)<=0.1,"pass","not yet")) | K65: =IF(H65="","",IF(H65<=5,"pass","not yet"))

Sheet Gates
A1: Exit gates
A2: Mark a gate met when your log shows it, not when you feel it is. The tag names where each number comes from.
A4: Phase 0 | B4: Baseline | C4: =COUNTIFS($A$12:$A$25,0,$D$12:$D$25,"yes")&" of "&COUNTIF($A$12:$A$25,0)&" met" -> 0 of 1 met
A5: Phase 1 | B5: Capacity floor | C5: =COUNTIFS($A$12:$A$25,1,$D$12:$D$25,"yes")&" of "&COUNTIF($A$12:$A$25,1)&" met" -> 0 of 6 met
A6: Phase 2 | B6: Progressive loading | C6: =COUNTIFS($A$12:$A$25,2,$D$12:$D$25,"yes")&" of "&COUNTIF($A$12:$A$25,2)&" met" -> 0 of 4 met
A7: Phase 3 | B7: Strength build | C7: =COUNTIFS($A$12:$A$25,3,$D$12:$D$25,"yes")&" of "&COUNTIF($A$12:$A$25,3)&" met" -> 0 of 2 met
A8: Phase 4 | B8: Performance | C8: =COUNTIFS($A$12:$A$25,4,$D$12:$D$25,"yes")&" of "&COUNTIF($A$12:$A$25,4)&" met" -> 0 of 1 met
A11: Phase | B11: Gate | C11: Source or tag | D11: Met? (yes/no) | E11: Date met | F11: Where the log shows it
A12: 0 | B12: 14 consecutive daily check-ins logged | C12: [proposed]
A13: 1 | B13: Flexor/extensor endurance ratio below 1.0 | C13: [mcgill-1999-endurance-norms]
A14: 1 | B14: Side bridge/extensor ratio about 0.75 | C14: [mcgill-1999-endurance-norms]
A15: 1 | B15: Left and right side bridge within 5% of each other | C15: [mcgill-1999-endurance-norms]
A16: 1 | B16: 4 consecutive weeks without a bad next-day verdict | C16: [heuristic]
A17: 1 | B17: Pain-free RDL at 1.0× bodyweight for 8 reps | C17: [proposed]
A18: 1 | B18: Suitcase carry at 0.5× bodyweight per hand for 30 m | C18: [proposed]
A19: 2 | B19: Deadlift from the floor at 1.5× bodyweight for 5 at RPE ≤ 8 with no yellow verdict | C19: [proposed]
A20: 2 | B20: Squat at 1.5× bodyweight for 5 | C20: [proposed]
A21: 2 | B21: 8 consecutive clean weeks | C21: [heuristic]
A22: 2 | B22: Endurance ratios held at the monthly retest | C22: [mcgill-1999-endurance-norms]
A23: 3 | B23: First competition entered and completed | C23: [proposed]
... A25: 4 | B25: Red-flag screen and McGill retest repeated monthly, logged | C25: [proposed]

Sheet Calculators
A1: Calculators
A2: Type into the yellow cells. Same formulas as the calculators on the site.
A4: Estimated 1RM (Epley)
A5: Load (kg) | B5: 100
A6: Reps | B6: 5
A7: RPE (optional) | B7: 8
A8: Estimated 1RM | B8: =IF(OR(B5="",B6=""),"",IF(B6<=1,B5,B5*(1+B6/30))) -> 116.66667
A9: RPE-adjusted 1RM | B9: =IF(B7="","",IF(B6+MAX(0,10-B7)<=1,B5,B5*(1+(B6+MAX(0,10-B7))/30))) -> 123.33333
A10: Epley: load × (1 + reps/30). RPE-adjusted counts reps in reserve (10 − RPE) as reps.
A12: Bodyweight multiple
A13: Estimated 1RM or working load (kg) | B13: 150
A14: Bodyweight (kg) | B14: 82
A15: Multiple of bodyweight | B15: =IF(OR(B13="",N(B14)=0),"",B13/B14) -> 1.8292683
A16: Strength gates are read off an estimated 1RM from a recent working set, never a tested max [proposed].
A18: DOTS
A19: Total (kg) | B19: 500
A20: Bodyweight (kg) | B20: 82
A21: Sex (male/female) | B21: male
A22: DOTS points | B22: =IF(OR(B19="",B20=""),"",B19*500/IF(B21="female",(-57.96288)*B20^0+(13.6175032)*B20^1+(-0.1126655495)*B20^2+(0.0005158568)*B20^3+(-0.0000010706)*B20^4,(-307.75076)*B20^0+(24.0900756)*B20^1+(-0.1918759221)*B20^2+(0.0007391293)*B20^3+(-0.000001093)*B20^4)) -> 339.86921
A23: Official DOTS (2019) coefficients. Around 450 is roughly the top 1% of competitive open entries [heuristic]; a marker, not a gate.
